Hari_ke,Tanggal,Jumlah_Kasus_Kumulatif,Jumlah_Pasien_Sembuh,Jumlah_Pasien_Meninggal,Jumlah_Pasien_Dalam_Perawatan,Jumlah_Kasus_Baru_per_Hari,Jumlah_Kasus_Sembuh_per_Hari,Jumlah_Kasus_Meninggal_per_Hari,Jumlah_Kasus_Dirawat_per_Hari,Persentase_Pasien_Sembuh,Persentase_Pasien_Meninggal,Persentase_Pasien_dalam_Perawat,Jumlah_Spesimen_Diperiksa,Jumlah_Kasus_Diperiksa,Jumlah_Negatif,Spesimen_Diperiksa_Baru_Harian,Kasus_Diperiksa_Baru_Harian,PDP,ODP,Penambahan_Kasus_Terkonfirmasi_,Kasus_Sedang_Investigasi_Lapang,Jumlah_Spesimen_Diperiksa_Terki,Jumlah_Kasus_Diperiksa_Terkini,Spesimen_Diperiksa_Baru_Harian_,Hasil_Positif_Terkini,Hasil_Negatif_Terkini,PDP_Terkini,ODP_Terkini,Suspek_Terkini,Jumlah_Provinsi_Terdampak,Jumlah_KabKot_Terdampak,Pembaruan_Terakhir,FID
1,2020/03/02 00:00:00+00,2,0,0,2,2,0,0,2,0,0,100,,339,335,,,,,3732,62649,4327144,2730231,33797,389712,2340519,13439,33504,168918,34,501,2020/10/25 08:40:10+00,1
2,2020/03/03 00:00:00+00,2,0,0,2,0,0,0,0,0,0,100,,341,337,,2,,,,,,,,,,,,,,,1970/01/01 00:00:00+00,2
3,2020/03/04 00:00:00+00,2,0,0,2,0,0,0,0,0,0,100,,372,356,,31,,,,,,,,,,,,,,,1970/01/01 00:00:00+00,3
4,2020/03/05 00:00:00+00,2,0,0,2,0,0,0,0,0,0,100,,388,371,,16,,,,,,,,,,,,,,,1970/01/01 00:00:00+00,4
5,2020/03/06 00:00:00+00,4,0,0,4,2,0,0,2,0,0,100,,450,422,,62,,,,,,,,,,,,,,,1970/01/01 00:00:00+00,5
6,2020/03/07 00:00:00+00,4,0,0,4,0,0,0,0,0,0,100,,454,422,,4,,,,,,,,,,,,,,,1970/01/01 00:00:00+00,6
7,2020/03/08 00:00:00+00,6,0,0,6,2,0,0,2,0,0,100,,483,445,,29,,,,,,,,,,,,,,,1970/01/01 00:00:00+00,7
8,2020/03/09 00:00:00+00,19,0,0,19,13,0,0,13,0,0,100,,543,487,,60,,,,,,,,,,,,,,,1970/01/01 00:00:00+00,8
9,2020/03/10 00:00:00+00,27,2,0,25,8,2,0,6,7.407407407,0,92.59259259,,694,648,,151,,,,,,,,,,,,,,,1970/01/01 00:00:00+00,9
10,2020/03/11 00:00:00+00,34,2,1,31,7,0,1,6,5.882352941,2.941176471,91.17647059,,793,744,,99,,,,,,,,,,,,,,,1970/01/01 00:00:00+00,10
11,2020/03/12 00:00:00+00,34,2,1,31,0,0,0,0,5.882352941,2.941176471,91.17647059,,862,811,,69,,,,,,,,,,,,,,,1970/01/01 00:00:00+00,11
12,2020/03/13 00:00:00+00,69,2,4,63,35,0,3,32,2.898550725,5.797101449,91.30434783,,1005,917,,143,,,,,,,,,,,,,,,1970/01/01 00:00:00+00,12
13,2020/03/14 00:00:00+00,96,8,5,83,27,6,1,20,8.333333333,5.208333333,86.45833333,,1205,1109,,200,,,,,,,,,,,,,,,1970/01/01 00:00:00+00,13
14,2020/03/15 00:00:00+00,117,8,5,104,21,0,0,21,6.837606838,4.273504274,88.88888889,,1293,1167,,88,,,,,,,,,,,,,,,1970/01/01 00:00:00+00,14
15,2020/03/16 00:00:00+00,134,8,5,121,17,0,0,17,5.970149254,3.731343284,90.29850746,,1230,1083,,,,,,,,,,,,,,,,,1970/01/01 00:00:00+00,15
16,2020/03/17 00:00:00+00,172,9,5,158,38,1,0,37,5.23255814,2.906976744,91.86046512,,1372,1178,,120,,,,,,,,,,,,,,,1970/01/01 00:00:00+00,16
17,2020/03/18 00:00:00+00,227,11,19,197,55,2,14,39,4.845814978,8.370044053,86.78414097,,1592,1342,,197,,,,,,,,,,,,,,,1970/01/01 00:00:00+00,17
18,2020/03/19 00:00:00+00,309,15,25,269,82,4,6,72,4.854368932,8.090614887,87.05501618,,1898,1570,,287,,,,,,,,,,,,,,,1970/01/01 00:00:00+00,18
19,2020/03/20 00:00:00+00,369,17,32,320,60,2,7,51,4.60704607,8.672086721,86.72086721,,2028,1643,,112,,,,,,,,,,,,,,,1970/01/01 00:00:00+00,19
20,2020/03/21 00:00:00+00,450,20,38,392,81,3,6,72,4.444444444,8.444444444,87.11111111,,2365,1895,,317,,,,,,,,,,,,,,,1970/01/01 00:00:00+00,20
21,2020/03/22 00:00:00+00,514,29,48,437,64,9,10,45,5.642023346,9.338521401,85.01945525,,2438,1904,,53,,,,,,,,,,,,,,,1970/01/01 00:00:00+00,21
22,2020/03/23 00:00:00+00,579,30,49,500,65,1,1,63,5.18134715,8.462867012,86.35578584,,2756,2177,,318,,,,,,,,,,,,,,,1970/01/01 00:00:00+00,22
23,2020/03/24 00:00:00+00,686,30,55,601,106,0,6,101,4.373177843,8.017492711,87.60932945,,3332,2625,,554,,,,,,,,,,,,,,,1970/01/01 00:00:00+00,23
24,2020/03/25 00:00:00+00,790,31,58,701,105,1,3,100,3.924050633,7.341772152,88.73417722,,3822,3032,,490,,,,,,,,,,,,,,,1970/01/01 00:00:00+00,24
25,2020/03/26 00:00:00+00,893,35,78,780,103,4,20,79,3.9193729,8.734602464,87.34602464,,4336,3443,,514,,,,,,,,,,,,,,,1970/01/01 00:00:00+00,25
26,2020/03/27 00:00:00+00,1046,46,87,913,153,11,9,133,4.397705545,8.317399618,87.28489484,,5775,4729,,1439,,,,,,,,,,,,,,,1970/01/01 00:00:00+00,26
27,2020/03/28 00:00:00+00,1155,59,102,994,109,13,15,81,5.108225108,8.831168831,86.06060606,,6266,5111,,491,,,,,,,,,,,,,,,1970/01/01 00:00:00+00,27
28,2020/03/29 00:00:00+00,1285,64,114,1107,130,5,12,113,4.980544747,8.871595331,86.14785992,,6534,5249,,268,,,,,,,,,,,,,,,1970/01/01 00:00:00+00,28
29,2020/03/30 00:00:00+00,1414,75,122,1217,129,11,8,110,5.304101839,8.628005658,86.0678925,,6663,5249,,129,,,,,,,,,,,,,,,1970/01/01 00:00:00+00,29
30,2020/03/31 00:00:00+00,1528,81,136,1311,114,6,14,94,5.30104712,8.90052356,85.79842932,,6777,5249,,114,,,,,,,,,,,,,,,1970/01/01 00:00:00+00,30
31,2020/04/01 00:00:00+00,1677,103,157,1417,149,22,21,106,6.141920095,9.361955874,84.49612403,,7193,5516,,416,,,,,,,,,,,,,,,1970/01/01 00:00:00+00,31
32,2020/04/02 00:00:00+00,1790,112,170,1508,113,9,13,91,6.25698324,9.497206704,84.24581006,,7425,5635,,232,,,,,,,,,,,,,,,1970/01/01 00:00:00+00,32
33,2020/04/03 00:00:00+00,1986,134,181,1671,196,22,11,163,6.747230614,9.113796576,84.13897281,,7986,5715,,561,,,,,,,,,,,,,,,1970/01/01 00:00:00+00,33
34,2020/04/04 00:00:00+00,2092,150,191,1751,106,16,10,80,7.170172084,9.13001912,83.6998088,,9712,7620,,1726,,,,,,,,,,,,,,,1970/01/01 00:00:00+00,34
35,2020/04/05 00:00:00+00,2273,164,198,1911,181,14,7,160,7.215134184,8.710954685,84.07391113,,11242,8969,,153,,,,,,,,,,,,,,,1970/01/01 00:00:00+00,35
36,2020/04/06 00:00:00+00,2491,192,209,2090,218,28,11,179,7.707747892,8.390204737,83.90204737,,13186,10695,,1944,,,,,,,,,,,,,,,1970/01/01 00:00:00+00,36
37,2020/04/07 00:00:00+00,2738,204,221,2313,247,12,12,223,7.450693937,8.071585099,84.47772096,,14353,11615,,1167,,,,,,,,,,,,,,,1970/01/01 00:00:00+00,37
38,2020/04/08 00:00:00+00,2956,222,240,2494,218,18,19,181,7.51014885,8.119079838,84.37077131,,16511,13555,,2158,,,,,,,,,,,,,,,1970/01/01 00:00:00+00,38
39,2020/04/09 00:00:00+00,3293,252,280,2761,337,30,40,267,7.652596417,8.502884907,83.84451868,,17679,14386,,1168,,,,,,,,,,,,,,,1970/01/01 00:00:00+00,39
40,2020/04/10 00:00:00+00,3512,282,306,2924,219,30,26,163,8.029612756,8.712984055,83.25740319,,19452,15940,,1773,,,,,,,,,,,,,,,1970/01/01 00:00:00+00,40
41,2020/04/11 00:00:00+00,3842,286,327,3229,330,4,21,305,7.444039563,8.511192087,84.04476835,,19964,16122,,512,,,,,,,,,,,,,,,1970/01/01 00:00:00+00,41
107,2020/06/16 00:00:00+00,40400,15703,2231,22466,1106,580,33,493,38.86881188,5.522277228,55.60891089,540115,339309,298909,17052,10119,13510,29124,,,,,,,,,,,,,1970/01/01 00:00:00+00,42
42,2020/04/12 00:00:00+00,4241,359,373,3509,399,73,46,280,8.464984673,8.795095496,82.73991983,,27075,22834,,7111,,,,,,,,,,,,,,,1970/01/01 00:00:00+00,43
43,2020/04/13 00:00:00+00,4557,380,399,3778,316,21,26,269,8.338819399,8.755760369,82.90542023,,27953,23396,,878,,,,,,,,,,,,,,,1970/01/01 00:00:00+00,44
44,2020/04/14 00:00:00+00,4839,426,459,3954,282,46,60,176,8.803471792,9.485430874,81.71109733,,31628,26789,,3675,10482,139137,,,,,,,,,,,,,1970/01/01 00:00:00+00,45
45,2020/04/15 00:00:00+00,5136,446,469,4221,297,20,10,267,8.683800623,9.131619938,82.18457944,36431,33001,27865,,1373,11165,165549,,,,,,,,,,,,,1970/01/01 00:00:00+00,46
46,2020/04/16 00:00:00+00,5516,548,496,4472,380,102,27,251,9.934735315,8.992023205,81.07324148,39706,34975,29459,3275,1974,11873,169446,,,,,,,,,,,,,1970/01/01 00:00:00+00,47
47,2020/04/17 00:00:00+00,5923,607,520,4796,407,59,24,324,10.24818504,8.779334797,80.97248016,42108,37134,31211,2402,2159,12610,173732,,,,,,,,,,,,,1970/01/01 00:00:00+00,48
48,2020/04/18 00:00:00+00,6248,631,535,5082,325,24,15,286,10.09923175,8.562740077,81.33802817,45378,39422,33174,327,2288,12979,176344,,,,,,,,,,,,,1970/01/01 00:00:00+00,49
49,2020/04/19 00:00:00+00,6575,686,582,5307,327,55,47,225,10.43346008,8.851711027,80.7148289,47478,42219,35644,21,2797,15646,178883,,,,,,,,,,,,,1970/01/01 00:00:00+00,50
50,2020/04/20 00:00:00+00,6760,747,590,5423,185,61,8,116,11.05029586,8.727810651,80.22189349,49767,43749,36989,2289,153,16343,181770,,,,,,,,,,,,,1970/01/01 00:00:00+00,51
51,2020/04/21 00:00:00+00,7135,842,616,5677,375,95,26,254,11.80098108,8.633496847,79.56552207,50370,46173,39038,603,2424,16763,186330,,,,,,,,,,,,,1970/01/01 00:00:00+00,52
52,2020/04/22 00:00:00+00,7418,913,635,5870,283,71,19,193,12.3078997,8.56025883,79.13184147,55732,47361,39943,5362,1188,17754,193571,,,,,,,,,,,,,1970/01/01 00:00:00+00,53
53,2020/04/23 00:00:00+00,7775,960,647,6168,357,47,12,298,12.34726688,8.321543408,79.33118971,59935,48647,40872,4203,1286,18283,195948,,,,,,,,,,,,,1970/01/01 00:00:00+00,54
108,2020/06/17 00:00:00+00,41431,16243,2276,22912,1031,540,45,446,39.20494316,5.493471072,55.30158577,559872,348278,306847,19757,8969,13279,42714,,,,,,,,,,,,,1970/01/01 00:00:00+00,55
109,2020/06/18 00:00:00+00,42762,16798,2339,23625,1331,555,63,713,39.28254057,5.469809644,55.24764978,580522,358659,315897,20650,10381,17923,36698,,,,,,,,,,,,,1970/01/01 00:00:00+00,56
110,2020/06/19 00:00:00+00,43803,17349,2373,24081,1041,551,34,456,39.60687624,5.417437162,54.9756866,601239,366581,322778,20717,7922,13211,36464,,,,,,,,,,,,,1970/01/01 00:00:00+00,57
111,2020/06/20 00:00:00+00,45029,17883,2429,24717,1226,534,56,636,39.71440627,5.39430145,54.89129228,621156,376518,331489,19917,7877,13150,37336,,,,,,,,,,,,,1970/01/01 00:00:00+00,58
112,2020/06/21 00:00:00+00,45891,18404,2465,25022,862,521,36,305,40.10372404,5.371423591,54.52485237,639385,383105,337214,18229,8647,13225,56436,,,,,,,,,,,,,1970/01/01 00:00:00+00,59
113,2020/06/22 00:00:00+00,46845,18735,2500,25610,954,331,35,588,39.9935959,5.336748853,54.66965525,650311,393117,346272,10926,10012,12999,43500,,,,,,,,,,,,,1970/01/01 00:00:00+00,60
114,2020/06/23 00:00:00+00,47896,19241,2535,26120,1051,506,35,510,40.17245699,5.292717555,54.53482546,668219,401681,353785,17908,8564,13348,35983,,,,,,,,,,,,,1970/01/01 00:00:00+00,61
115,2020/06/24 00:00:00+00,49009,19658,2573,26778,1113,417,38,658,40.11100002,5.250056112,54.63894387,689452,413919,364910,21233,12238,13069,36648,,,,,,,,,,,,,1970/01/01 00:00:00+00,62
116,2020/06/25 00:00:00+00,50187,20449,2620,27118,1178,791,47,340,40.74561141,5.220475422,54.03391316,708962,427158,376971,19510,13239,13323,37294,,,,,,,,,,,,,1970/01/01 00:00:00+00,63
117,2020/06/26 00:00:00+00,51427,21333,2683,27411,1240,884,63,293,41.48210084,5.217103856,53.3007953,731781,439907,388480,22819,12749,13506,38381,,,,,,,,,,,,,1970/01/01 00:00:00+00,64
118,2020/06/27 00:00:00+00,52812,21909,2720,28183,1385,576,37,772,41.4848898,5.150344619,53.36476558,753370,449569,396757,21589,9662,13522,40541,,,,,,,,,,,,,1970/01/01 00:00:00+00,65
119,2020/06/28 00:00:00+00,54010,22936,2754,28320,1198,1027,34,137,42.46620996,5.09905573,52.43473431,770600,456636,402626,17230,7067,14712,47658,,,,,,,,,,,,,1970/01/01 00:00:00+00,66
120,2020/06/29 00:00:00+00,55092,23800,2805,28487,1082,864,51,167,43.20046468,5.091483337,51.70805199,782383,465683,410591,11783,9047,13335,41605,,,,,,,,,,,,,1970/01/01 00:00:00+00,67
121,2020/06/30 00:00:00+00,56385,24806,2876,28703,1293,1006,71,216,43.99397003,5.100647335,50.90538264,803896,477318,420933,21515,11636,13182,43797,,,,,,,,,,,,,1970/01/01 00:00:00+00,68
122,2020/07/01 00:00:00+00,57770,25595,2934,29241,1385,789,58,538,44.3050026,5.078760602,50.6162368,825636,492318,434548,21738,15000,13296,45192,,,,,,,,,,,,,1970/01/01 00:00:00+00,69
123,2020/07/02 00:00:00+00,59394,26667,2987,29740,1624,1072,53,499,44.89847459,5.029127521,50.07239789,849155,503132,443738,23519,10814,13359,40778,,,,,,,,,,,,,1970/01/01 00:00:00+00,70
124,2020/07/03 00:00:00+00,60695,27568,3036,30091,1301,901,49,351,45.42054535,5.002059478,49.57739517,871436,519970,459275,22281,16838,13609,38767,,,,,,,,,,,,,1970/01/01 00:00:00+00,71
125,2020/07/04 00:00:00+00,62142,28219,3089,30834,1447,651,53,743,45.41051141,4.970873161,49.61861543,894428,529669,467257,22992,9699,14205,38890,,,,,,,,,,,,,1970/01/01 00:00:00+00,72
126,2020/07/05 00:00:00+00,63749,29105,3171,31473,1607,886,82,639,45.65561813,4.974195674,49.3701862,915482,540175,476426,21045,10506,13767,39928,,,,,,,,,,,,,1970/01/01 00:00:00+00,73
127,2020/07/06 00:00:00+00,64958,29919,3241,31798,1209,814,70,325,46.05899196,4.989377752,48.95163028,928238,552084,487126,12756,11909,13360,38748,,,,,,,,,,,,,1970/01/01 00:00:00+00,74
128,2020/07/07 00:00:00+00,66226,30785,3309,32132,1268,866,68,334,46.48476429,4.996527044,48.51870866,946054,562759,496533,17816,10675,13471,38702,,,,,,,,,,,,,1970/01/01 00:00:00+00,75
129,2020/07/08 00:00:00+00,68079,31585,3359,33135,1853,800,50,1003,46.39462977,4.933973766,48.67139647,968237,581594,507447,22183,12777,13636,38498,,,,,,,,,,,,,1970/01/01 00:00:00+00,76
130,2020/07/09 00:00:00+00,70736,32651,3417,34668,2657,1066,58,1533,46.15895725,4.830637865,49.01040489,992069,588080,517344,23832,12554,13732,38498,,,,,,,,,,,,,1970/01/01 00:00:00+00,77
131,2020/07/10 00:00:00+00,72347,33529,3469,35349,1611,878,52,681,46.34469985,4.794946577,48.86035357,1015678,597468,525121,23609,9388,13882,38705,,,,,,,,,,,,,1970/01/01 00:00:00+00,78
132,2020/07/11 00:00:00+00,74018,34719,3535,35764,1671,1190,66,415,46.90615796,4.77586533,48.31797671,1038988,610093,536075,23310,12625,13752,34887,,,,,,,,,,,,,1970/01/01 00:00:00+00,79
133,2020/07/12 00:00:00+00,75699,35638,3606,36455,1681,919,71,691,47.07856114,4.763603218,48.15783564,1061367,621087,545388,22379,10994,14515,34486,,,,,,,,,,,,,1970/01/01 00:00:00+00,80
134,2020/07/13 00:00:00+00,76981,36689,3656,36636,1282,1051,50,181,47.65981216,4.749223834,47.590964,1074467,630149,553168,13100,9062,13439,33504,,,,,,,,,,,,,1970/01/01 00:00:00+00,81
135,2020/07/14 00:00:00+00,78572,37636,3710,37226,1591,947,54,590,47.90001527,4.721783842,47.37820089,1097468,642164,563592,23001,12015,,,,,,,,,,,,,,,1970/01/01 00:00:00+00,82
136,2020/07/15 00:00:00+00,80094,39050,3797,37247,1522,1414,87,21,48.75521263,4.740679701,46.50410767,1122339,657655,577561,24871,15491,,,,,,,,,,,,,,,1970/01/01 00:00:00+00,83
137,2020/07/16 00:00:00+00,81668,40345,3873,37450,1574,1295,76,203,49.40123427,4.742371553,45.85639418,1146794,669811,588143,23947,12156,,,,,,,,,,,,,,,1970/01/01 00:00:00+00,84
138,2020/07/17 00:00:00+00,83130,41834,3957,37339,1462,1489,84,-111,50.32358956,4.760014435,44.91639601,1175462,683805,600675,29176,13994,,,,,,,,,,,,,,,1970/01/01 00:00:00+00,85
139,2020/07/18 00:00:00+00,84882,43268,4016,37598,1752,1434,59,259,50.97429373,4.731274004,44.29443227,1201014,697043,612161,25552,13238,,,,,,,,,,,,,,,1970/01/01 00:00:00+00,86
140,2020/07/19 00:00:00+00,86521,45401,4143,36977,1639,2133,127,-621,52.47396586,4.788432866,42.73760128,1221518,707238,620717,20504,10195,,,,,,,,,,,,,,,1970/01/01 00:00:00+00,87
141,2020/07/20 00:00:00+00,88214,46977,4239,36998,1693,1576,96,21,53.25345183,4.805359693,41.94118847,1235545,720497,632283,14027,13259,,,,,,,,,,,,,,,1970/01/01 00:00:00+00,88
142,2020/07/21 00:00:00+00,89869,48466,4320,37083,1655,1489,81,85,53.92960865,4.806996851,41.2633945,1257807,737844,647975,22262,17347,,,,,,,,,,,,,,,1970/01/01 00:00:00+00,89
143,2020/07/22 00:00:00+00,91751,50255,4459,37037,1882,1789,139,-46,54.77324498,4.859892535,40.36686249,1283109,749626,657875,25302,11782,,,,,,,,,,,,,,,1970/01/01 00:00:00+00,90
144,2020/07/23 00:00:00+00,93657,52164,4576,36917,1906,1909,117,-120,55.69685128,4.885913493,39.41723523,1310924,762957,669300,27815,13331,,,,,,,,,,,,,,,1970/01/01 00:00:00+00,91
145,2020/07/24 00:00:00+00,95418,53945,4665,36808,1761,1781,89,-109,56.53545453,4.889014651,38.57553082,1335889,777100,681682,24965,14143,,,,,,,,,,,,,,,1970/01/01 00:00:00+00,92
146,2020/07/25 00:00:00+00,97286,55354,4714,37218,1868,1409,49,410,56.89821763,4.845507062,38.25627531,1361207,789258,691972,25318,12158,,,,,,,,,,,,,,,1970/01/01 00:00:00+00,93
147,2020/07/26 00:00:00+00,98778,56655,4781,37342,1492,1301,67,124,57.35588896,4.840146591,37.80396445,1381699,796950,698172,20492,7692,,,,,,,,,,,,,,,1970/01/01 00:00:00+00,94
148,2020/07/27 00:00:00+00,100303,58173,4838,37292,1525,1518,57,-50,57.99726828,4.823385143,37.17934658,1394759,807946,707643,13060,10996,,,,,,,,,,,,,,,1970/01/01 00:00:00+00,95
149,2020/07/28 00:00:00+00,102051,60539,4901,36611,1748,2366,63,-681,59.32229963,4.80250071,35.87519966,1417322,823168,721117,22563,15222,,,,,,,,,,,,,,,1970/01/01 00:00:00+00,96
150,2020/07/29 00:00:00+00,104432,62138,4975,37319,2381,1599,74,708,59.50091926,4.763865482,35.73521526,1447583,841027,736595,30261,17859,,,,,,,,,,,,,,,1970/01/01 00:00:00+00,97
151,2020/07/30 00:00:00+00,106336,64292,5058,36986,1904,2154,83,-333,60.46117966,4.756620524,34.78219982,1477629,856003,749667,30046,14976,,,,,,,,,,,,,,,1970/01/01 00:00:00+00,98
152,2020/07/31 00:00:00+00,108376,65907,5131,37338,2040,1615,73,352,60.81327969,4.73444305,34.45227726,1506191,866539,758163,28562,10536,,,,,,,,,,,,,,,1970/01/01 00:00:00+00,99
153,2020/08/01 00:00:00+00,109936,67919,5193,36824,1560,2012,62,-514,61.78049047,4.723657401,33.49585213,1517381,875894,765958,11190,9355,,,,,,,,,,,,,,,1970/01/01 00:00:00+00,100
154,2020/08/02 00:00:00+00,111455,68975,5236,37244,1519,1056,43,420,61.88596294,4.697860123,33.41617693,1537413,882352,770897,20032,6458,,,,,,,,,,,,,,,1970/01/01 00:00:00+00,101
155,2020/08/03 00:00:00+00,113134,70237,5302,37595,1679,1262,66,351,62.0830166,4.686477982,33.23050542,1552141,894531,781395,14728,12179,,,,,,,,,,,,,,,1970/01/01 00:00:00+00,102
156,2020/08/04 00:00:00+00,115056,72050,5388,37618,1922,1813,86,23,62.62167988,4.682937005,32.69538312,1575043,907987,793110,22902,13456,,,,,,,,,,,,,,,1970/01/01 00:00:00+00,103
157,2020/08/05 00:00:00+00,116871,73889,5452,37530,1815,1839,64,-88,63.22269853,4.664972491,32.11232898,1603781,922709,806017,28738,14722,,,,,,,,,,,,,,,1970/01/01 00:00:00+00,104
158,2020/08/06 00:00:00+00,118753,75645,5521,37587,1882,1756,69,57,63.69944338,4.649145706,31.65141091,1633156,936132,817558,29375,13423,,,,,,,,,,,,,,,1970/01/01 00:00:00+00,105
159,2020/08/07 00:00:00+00,121226,77557,5593,38076,2473,1912,72,489,63.97719961,4.613696732,31.40910366,1663315,951910,830684,30159,15599,,,,,,,,,,,,,,,1970/01/01 00:00:00+00,106
160,2020/08/08 00:00:00+00,123503,79306,5658,38539,2277,1749,65,463,64.21382477,4.581265232,31.20491,1693880,963602,840099,30565,11692,,,,,,,,,,,,,,,1970/01/01 00:00:00+00,107
161,2020/08/09 00:00:00+00,125396,80952,5723,38721,1893,1646,65,182,64.55708316,4.563941434,30.87897541,1715798,972594,847198,21918,8992,,,,,,,,,,,,,,,1970/01/01 00:00:00+00,108
162,2020/08/10 00:00:00+00,127083,82236,5765,39082,1687,1284,42,361,64.71046481,4.536405341,30.75312984,1731634,984893,857810,15836,12299,,,,,,,,,,,,,,,1970/01/01 00:00:00+00,109
163,2020/08/11 00:00:00+00,128776,83710,5824,39242,1693,1474,59,160,65.00434864,4.522581848,30.47306952,1757425,998406,869630,25791,13513,,,,,,,,,,,,,,,1970/01/01 00:00:00+00,110
164,2020/08/12 00:00:00+00,130718,85798,5903,39017,1942,2088,79,-225,65.63594914,4.515827966,29.84822289,1783673,1012104,881386,26248,13698,,,,,,,,,,,,,,,1970/01/01 00:00:00+00,111
165,2020/08/13 00:00:00+00,132816,87558,5968,39290,2098,1760,65,273,65.92428623,4.493434526,29.58227924,1809487,1026954,894138,25814,14850,,,,,,,,,,,,,,,1970/01/01 00:00:00+00,112
166,2020/08/14 00:00:00+00,135123,89618,6021,39484,2307,2060,53,194,66.32327583,4.455940143,29.22078403,1835505,1039682,904559,26018,12728,,,,,,,,,,,,,,,1970/01/01 00:00:00+00,113
167,2020/08/15 00:00:00+00,137468,91321,6071,40076,2345,1703,50,592,66.43073297,4.416300521,29.15296651,1862801,1052503,915035,27296,12821,,,,,,,,,,,,,,,1970/01/01 00:00:00+00,114
168,2020/08/16 00:00:00+00,139549,93103,6150,40296,2081,1782,79,220,66.71706712,4.407054153,28.87587872,1888215,1061721,922172,25414,9218,,,,,,,,,,,,,,,1970/01/01 00:00:00+00,115
169,2020/08/17 00:00:00+00,141370,94458,6207,40705,1821,1355,57,409,66.81615619,4.390606211,28.7932376,1900668,1068945,927575,12453,7224,,,,,,,,,,,,,,,1970/01/01 00:00:00+00,116
170,2020/08/18 00:00:00+00,143043,96306,6277,40460,1673,1848,70,-245,67.32660808,4.388190964,28.28520095,1915039,1081354,938311,14371,12409,,,,,,,,,,,,,,,1970/01/01 00:00:00+00,117
171,2020/08/19 00:00:00+00,144945,98657,6346,39942,1902,2351,69,-518,68.06512815,4.378212425,27.55665942,1941117,1096294,951349,26078,14940,,,,,,,,,,,,,,,1970/01/01 00:00:00+00,118
172,2020/08/20 00:00:00+00,147211,100674,6418,40119,2266,2017,72,177,68.38755256,4.359728553,27.25271889,1969941,1108068,960857,28824,11774,,,,,,,,,,,,,,,1970/01/01 00:00:00+00,119
173,2020/08/21 00:00:00+00,149408,102991,6500,39917,2197,2317,82,-202,68.93272114,4.35050332,26.71677554,1989870,1121602,972194,19929,13534,,,,,,,,,,,,,,,1970/01/01 00:00:00+00,120
174,2020/08/22 00:00:00+00,151498,105198,6594,39706,2090,2207,94,-211,69.43854044,4.352532707,26.20892685,2014619,1139768,988270,24749,18166,,,,,,,,,,,,,,,1970/01/01 00:00:00+00,121
175,2020/08/23 00:00:00+00,153535,107500,6680,39355,2037,2302,86,-351,70.01660859,4.350799492,25.63259192,2036771,1157184,1003649,22152,17416,,,,,,,,,,,,,,,1970/01/01 00:00:00+00,122
176,2020/08/24 00:00:00+00,155412,111060,6759,37593,1877,3560,79,-1762,71.46166319,4.349085013,24.1892518,2056166,1173369,1017957,19395,16185,,,,,,,,,,,,,,,1970/01/01 00:00:00+00,123
177,2020/08/25 00:00:00+00,157859,112867,6858,38134,2447,1807,99,541,71.49861585,4.344383279,24.15700087,2077441,1191948,1034089,21275,18579,,,,,,,,,,,,,,,1970/01/01 00:00:00+00,124
178,2020/08/26 00:00:00+00,160165,115409,6944,37812,2306,2542,86,-322,72.05631692,4.335528986,23.60815409,2106753,1212468,1052303,29312,20520,,,,,,,,,,,,,,,1970/01/01 00:00:00+00,125
179,2020/08/27 00:00:00+00,162884,118575,7064,37245,2719,3166,120,-567,72.79720537,4.336828663,22.86596596,2136416,1233486,1070602,29663,21018,,,,,,,,,,,,,,,1970/01/01 00:00:00+00,126
180,2020/08/28 00:00:00+00,165887,120900,7169,37818,3003,2325,105,573,72.88093702,4.321616522,22.79744645,2169498,1250135,1084248,33082,16649,,,,,,,,,,,,,,,1970/01/01 00:00:00+00,127
181,2020/08/29 00:00:00+00,169195,122802,7261,39132,3308,1902,92,1314,72.58015899,4.291497976,23.12834304,2198403,1271301,1102106,28905,21166,,,,,,,,,,,,,,,1970/01/01 00:00:00+00,128
182,2020/08/30 00:00:00+00,172053,124185,7343,40525,2858,1383,82,1393,72.1783404,4.267870947,23.55378866,2224337,1282618,1110565,25934,11317,,,,,,,,,,,,,,,1970/01/01 00:00:00+00,129
183,2020/08/31 00:00:00+00,174796,125959,7417,41420,2743,1774,74,895,72.06057347,4.243232111,23.69619442,2239642,1297184,1122388,15305,14566,,,,,,,,,,,,,,,1970/01/01 00:00:00+00,130
184,2020/09/01 00:00:00+00,177571,128057,7505,42009,2775,2098,88,589,72.11594236,4.226478423,23.65757922,2270267,1312477,1134906,30625,15293,,,,,,,,,,,,,,,1970/01/01 00:00:00+00,131
185,2020/09/02 00:00:00+00,180646,129971,7616,43059,3075,1914,111,1050,71.9478981,4.215980426,23.83612148,2301268,1333985,1153339,31001,21508,,,,,,,,,,,,,,,1970/01/01 00:00:00+00,132
186,2020/09/03 00:00:00+00,184268,132055,7750,44463,3622,2084,134,1404,71.66464063,4.205830638,24.12952873,2338865,1353291,1169023,37597,19306,,,,,,,,,,,,,,,1970/01/01 00:00:00+00,133
187,2020/09/04 00:00:00+00,187537,134181,7832,45524,3269,2126,82,1061,71.54908098,4.176242555,24.27467646,2375133,1371391,1183854,36268,18100,,,,,,,,,,,,,,,1970/01/01 00:00:00+00,134
188,2020/09/05 00:00:00+00,190665,136401,7940,46324,3128,2220,108,800,71.53961136,4.164372066,24.29601657,2405773,1388288,1197623,30640,16897,,,,,,,,,,,,,,,1970/01/01 00:00:00+00,135
189,2020/09/06 00:00:00+00,194109,138575,8025,47509,3444,2174,85,1185,71.39030133,4.134275072,24.4754236,2433752,1401513,1207404,27979,13225,,,,,,,,,,,,,,,1970/01/01 00:00:00+00,136
190,2020/09/07 00:00:00+00,196989,140652,8130,48207,2880,2077,105,698,71.40094117,4.127134002,24.47192483,2452164,1417694,1220705,18412,16181,,,,,,,,,,,,,,,1970/01/01 00:00:00+00,137
191,2020/09/08 00:00:00+00,200035,142958,8230,48847,3046,2306,100,640,71.46649336,4.114280001,24.41922664,2484807,1434294,1234259,32643,16600,,,,,,,,,,,,,,,1970/01/01 00:00:00+00,138
192,2020/09/09 00:00:00+00,203342,145200,8336,49806,3307,2242,106,959,71.4067925,4.099497398,24.4937101,2514670,1449629,1246287,29863,15335,,,,,,,,,,,,,,,1970/01/01 00:00:00+00,139
193,2020/09/10 00:00:00+00,207203,147510,8456,51237,3861,2310,120,1431,71.19105418,4.081021993,24.72792382,2549579,1469943,1262740,34909,20314,,,,,,,,,,,,,,,1970/01/01 00:00:00+00,140
194,2020/09/11 00:00:00+00,210940,150217,8544,52179,3737,2707,88,942,71.21314118,4.050440884,24.73641794,2581433,1498292,1287352,31813,28349,,,,,,,,,,,,,,,1970/01/01 00:00:00+00,141
195,2020/09/12 00:00:00+00,214746,152458,8650,53638,3806,2241,106,1459,70.99457033,4.028014492,24.97741518,2620004,1523214,1308468,38571,24922,,,,,,,,,,,,,,,1970/01/01 00:00:00+00,142
196,2020/09/13 00:00:00+00,218382,155010,8723,54649,3636,2552,73,1011,70.98112482,3.994376826,25.02449836,2650104,1549352,1330970,30100,26138,,,,,,,,,,,,,,,1970/01/01 00:00:00+00,143
197,2020/09/14 00:00:00+00,221523,158405,8841,54277,3141,3395,118,-372,71.50724755,3.991007706,24.50174474,2672710,1569545,1348022,22606,20193,,,,,,,,,,,,,,,1970/01/01 00:00:00+00,144
198,2020/09/15 00:00:00+00,225030,161065,8965,55000,3507,2660,124,723,71.57490112,3.983913256,24.44118562,2715346,1592056,1367026,42636,22511,,,,,,,,,,,,,,,1970/01/01 00:00:00+00,145
199,2020/09/16 00:00:00+00,228993,164101,9100,55792,3963,3036,135,792,71.66201587,3.9739206,24.36406353,2755120,1622769,1393776,39774,30713,,,,,,,,,,,,,,,1970/01/01 00:00:00+00,146
200,2020/09/17 00:00:00+00,232628,166686,9222,56720,3635,2585,122,928,71.6534553,3.964269134,24.38227556,2796924,1652324,1419696,41804,29555,,,,,,,,,,,,,,,1970/01/01 00:00:00+00,147
201,2020/09/18 00:00:00+00,236519,170774,9336,56409,3891,4088,114,-311,72.20307882,3.947251595,23.84966958,2841352,1676648,1440129,44428,24324,,,,,,,,,,,,,,,1970/01/01 00:00:00+00,148
202,2020/09/19 00:00:00+00,240687,174350,9448,56889,4168,3576,112,480,72.43847819,3.925430123,23.63609169,2885508,1698202,1457515,44156,21554,,,,,,,,,,,,,,,1970/01/01 00:00:00+00,149
203,2020/09/20 00:00:00+00,244676,177327,9553,57796,3989,2977,105,907,72.47421079,3.904346973,23.62144223,2922648,1718175,1473499,36753,19973,,,,,,,,,,,,,,,1970/01/01 00:00:00+00,150
204,2020/09/21 00:00:00+00,248852,180797,9677,58378,4176,3470,124,582,72.65241991,3.888656712,23.45892338,2950173,1743000,1494148,27525,24825,,,,,,,,,,,,,,,1970/01/01 00:00:00+00,151
205,2020/09/22 00:00:00+00,252923,184298,9837,58788,4071,3501,160,410,72.86723627,3.889326,23.24343773,2994069,1774065,1521142,43896,31065,,,,,,,,,,,,,,,1970/01/01 00:00:00+00,152
206,2020/09/23 00:00:00+00,257388,187958,9977,59453,4465,3660,140,665,73.02516046,3.876249087,23.09859045,3032250,1799563,1542175,38181,25498,,,,,,,,,,,,,,,1970/01/01 00:00:00+00,153
207,2020/09/24 00:00:00+00,262022,191853,10105,60064,4634,3895,128,611,73.22018762,3.856546397,22.92326599,3074814,1834349,1572327,42564,34786,,,,,,,,,,,,,,,1970/01/01 00:00:00+00,154
208,2020/09/25 00:00:00+00,266845,196196,10218,60431,4823,4343,113,367,73.5243306,3.82918923,22.64648017,3120947,1860768,1593923,46133,26419,,,,,,,,,,,,,,,1970/01/01 00:00:00+00,155
209,2020/09/26 00:00:00+00,271339,199403,10308,61628,4494,3207,90,1197,73.48851437,3.79893786,22.71254777,3169783,1886426,1615087,48836,25658,,,,,,,,,,,,,,,1970/01/01 00:00:00+00,156
54,2020/04/24 00:00:00+00,8211,1002,689,6520,436,42,42,352,12.20314213,8.39118256,79.40567531,64054,50563,42352,4119,1916,18301,197951,,,,,,,,,,,,,1970/01/01 00:00:00+00,157
210,2020/09/27 00:00:00+00,275213,203014,10386,61813,3874,3611,78,185,73.7661375,3.77380429,22.46005821,3207055,1907226,1632013,37272,20800,,,,,,,,,,,,,,,1970/01/01 00:00:00+00,158
211,2020/09/28 00:00:00+00,278722,206870,10473,61379,3509,3856,87,-434,74.22090829,3.757507481,22.02158423,3239244,1934863,1656141,32189,27637,,,,,,,,,,,,,,,1970/01/01 00:00:00+00,159
212,2020/09/29 00:00:00+00,282724,210437,10601,61686,4002,3567,128,307,74.43195484,3.749593243,21.81845192,3276402,1962754,1680030,37158,27891,,,,,,,,,,,,,,,1970/01/01 00:00:00+00,160
319,2021/01/14 00:00:00+00,,,,,,,,,,,,,,,,,,,,,,,,,,,,,,,1970/01/01 00:00:00+00,161
320,2021/01/15 00:00:00+00,,,,,,,,,,,,,,,,,,,,,,,,,,,,,,,1970/01/01 00:00:00+00,162
321,2021/01/16 00:00:00+00,,,,,,,,,,,,,,,,,,,,,,,,,,,,,,,1970/01/01 00:00:00+00,163
322,2021/01/17 00:00:00+00,,,,,,,,,,,,,,,,,,,,,,,,,,,,,,,1970/01/01 00:00:00+00,164
323,2021/01/18 00:00:00+00,,,,,,,,,,,,,,,,,,,,,,,,,,,,,,,1970/01/01 00:00:00+00,165
324,2021/01/19 00:00:00+00,,,,,,,,,,,,,,,,,,,,,,,,,,,,,,,1970/01/01 00:00:00+00,166
325,2021/01/20 00:00:00+00,,,,,,,,,,,,,,,,,,,,,,,,,,,,,,,1970/01/01 00:00:00+00,167
326,2021/01/21 00:00:00+00,,,,,,,,,,,,,,,,,,,,,,,,,,,,,,,1970/01/01 00:00:00+00,168
327,2021/01/22 00:00:00+00,,,,,,,,,,,,,,,,,,,,,,,,,,,,,,,1970/01/01 00:00:00+00,169
328,2021/01/23 00:00:00+00,,,,,,,,,,,,,,,,,,,,,,,,,,,,,,,1970/01/01 00:00:00+00,170
329,2021/01/24 00:00:00+00,,,,,,,,,,,,,,,,,,,,,,,,,,,,,,,1970/01/01 00:00:00+00,171
330,2021/01/25 00:00:00+00,,,,,,,,,,,,,,,,,,,,,,,,,,,,,,,1970/01/01 00:00:00+00,172
331,2021/01/26 00:00:00+00,,,,,,,,,,,,,,,,,,,,,,,,,,,,,,,1970/01/01 00:00:00+00,173
332,2021/01/27 00:00:00+00,,,,,,,,,,,,,,,,,,,,,,,,,,,,,,,1970/01/01 00:00:00+00,174
333,2021/01/28 00:00:00+00,,,,,,,,,,,,,,,,,,,,,,,,,,,,,,,1970/01/01 00:00:00+00,175
334,2021/01/29 00:00:00+00,,,,,,,,,,,,,,,,,,,,,,,,,,,,,,,1970/01/01 00:00:00+00,176
335,2021/01/30 00:00:00+00,,,,,,,,,,,,,,,,,,,,,,,,,,,,,,,1970/01/01 00:00:00+00,177
336,2021/01/31 00:00:00+00,,,,,,,,,,,,,,,,,,,,,,,,,,,,,,,1970/01/01 00:00:00+00,178
337,2021/02/01 00:00:00+00,,,,,,,,,,,,,,,,,,,,,,,,,,,,,,,1970/01/01 00:00:00+00,179
338,2021/02/02 00:00:00+00,,,,,,,,,,,,,,,,,,,,,,,,,,,,,,,1970/01/01 00:00:00+00,180
339,2021/02/03 00:00:00+00,,,,,,,,,,,,,,,,,,,,,,,,,,,,,,,1970/01/01 00:00:00+00,181
340,2021/02/04 00:00:00+00,,,,,,,,,,,,,,,,,,,,,,,,,,,,,,,1970/01/01 00:00:00+00,182
341,2021/02/05 00:00:00+00,,,,,,,,,,,,,,,,,,,,,,,,,,,,,,,1970/01/01 00:00:00+00,183
342,2021/02/06 00:00:00+00,,,,,,,,,,,,,,,,,,,,,,,,,,,,,,,1970/01/01 00:00:00+00,184
343,2021/02/07 00:00:00+00,,,,,,,,,,,,,,,,,,,,,,,,,,,,,,,1970/01/01 00:00:00+00,185
344,2021/02/08 00:00:00+00,,,,,,,,,,,,,,,,,,,,,,,,,,,,,,,1970/01/01 00:00:00+00,186
345,2021/02/09 00:00:00+00,,,,,,,,,,,,,,,,,,,,,,,,,,,,,,,1970/01/01 00:00:00+00,187
346,2021/02/10 00:00:00+00,,,,,,,,,,,,,,,,,,,,,,,,,,,,,,,1970/01/01 00:00:00+00,188
347,2021/02/11 00:00:00+00,,,,,,,,,,,,,,,,,,,,,,,,,,,,,,,1970/01/01 00:00:00+00,189
348,2021/02/12 00:00:00+00,,,,,,,,,,,,,,,,,,,,,,,,,,,,,,,1970/01/01 00:00:00+00,190
349,2021/02/13 00:00:00+00,,,,,,,,,,,,,,,,,,,,,,,,,,,,,,,1970/01/01 00:00:00+00,191
350,2021/02/14 00:00:00+00,,,,,,,,,,,,,,,,,,,,,,,,,,,,,,,1970/01/01 00:00:00+00,192
351,2021/02/15 00:00:00+00,,,,,,,,,,,,,,,,,,,,,,,,,,,,,,,1970/01/01 00:00:00+00,193
352,2021/02/16 00:00:00+00,,,,,,,,,,,,,,,,,,,,,,,,,,,,,,,1970/01/01 00:00:00+00,194
353,2021/02/17 00:00:00+00,,,,,,,,,,,,,,,,,,,,,,,,,,,,,,,1970/01/01 00:00:00+00,195
354,2021/02/18 00:00:00+00,,,,,,,,,,,,,,,,,,,,,,,,,,,,,,,1970/01/01 00:00:00+00,196
355,2021/02/19 00:00:00+00,,,,,,,,,,,,,,,,,,,,,,,,,,,,,,,1970/01/01 00:00:00+00,197
356,2021/02/20 00:00:00+00,,,,,,,,,,,,,,,,,,,,,,,,,,,,,,,1970/01/01 00:00:00+00,198
357,2021/02/21 00:00:00+00,,,,,,,,,,,,,,,,,,,,,,,,,,,,,,,1970/01/01 00:00:00+00,199
358,2021/02/22 00:00:00+00,,,,,,,,,,,,,,,,,,,,,,,,,,,,,,,1970/01/01 00:00:00+00,200
359,2021/02/23 00:00:00+00,,,,,,,,,,,,,,,,,,,,,,,,,,,,,,,1970/01/01 00:00:00+00,201
360,2021/02/24 00:00:00+00,,,,,,,,,,,,,,,,,,,,,,,,,,,,,,,1970/01/01 00:00:00+00,202
361,2021/02/25 00:00:00+00,,,,,,,,,,,,,,,,,,,,,,,,,,,,,,,1970/01/01 00:00:00+00,203
362,2021/02/26 00:00:00+00,,,,,,,,,,,,,,,,,,,,,,,,,,,,,,,1970/01/01 00:00:00+00,204
363,2021/02/27 00:00:00+00,,,,,,,,,,,,,,,,,,,,,,,,,,,,,,,1970/01/01 00:00:00+00,205
364,2021/02/28 00:00:00+00,,,,,,,,,,,,,,,,,,,,,,,,,,,,,,,1970/01/01 00:00:00+00,206
365,2021/03/01 00:00:00+00,,,,,,,,,,,,,,,,,,,,,,,,,,,,,,,1970/01/01 00:00:00+00,207
366,2021/03/02 00:00:00+00,,,,,,,,,,,,,,,,,,,,,,,,,,,,,,,1970/01/01 00:00:00+00,208
213,2020/09/30 00:00:00+00,287008,214947,10740,61321,4284,4510,139,-365,74.8923375,3.742055971,21.36560653,3321898,1993694,1706686,45496,30940,,,,,,,,,,,,,,,1970/01/01 00:00:00+00,209
55,2020/04/25 00:00:00+00,8607,1042,720,6845,396,40,31,325,12.106425,8.365284071,79.52829093,67828,52541,43934,3774,1978,19084,206911,,,,,,,,,,,,,1970/01/01 00:00:00+00,210
214,2020/10/01 00:00:00+00,291182,218487,10856,61839,4174,3540,116,518,75.0345145,3.728252433,21.23723307,3365490,2023990,1732808,43592,30296,,,,,,,,,,,,,,,1970/01/01 00:00:00+00,211
56,2020/04/26 00:00:00+00,8882,1107,743,7032,275,65,23,187,12.46340914,8.365233056,79.1713578,72099,56974,48092,4271,4433,19648,209040,,,,,,,,,,,,,1970/01/01 00:00:00+00,212
215,2020/10/02 00:00:00+00,295499,221340,10972,63187,4317,2853,116,1348,74.90380678,3.71304133,21.38315189,3407911,2050821,1755322,42421,26831,,,,,,,,,,,,,,,1970/01/01 00:00:00+00,213
57,2020/04/27 00:00:00+00,9096,1151,765,7180,214,44,22,148,12.65391381,8.410290237,78.93579595,75157,59409,50313,3058,2435,19987,210199,,,,,,,,,,,,,1970/01/01 00:00:00+00,214
216,2020/10/03 00:00:00+00,299506,225052,11055,63399,4007,3712,83,212,75.14106562,3.691077975,21.1678564,3451398,2074943,1775437,43487,24122,,,,,,,,,,,,,,,1970/01/01 00:00:00+00,215
58,2020/04/28 00:00:00+00,9511,1254,773,7484,415,103,8,304,13.18473347,8.127431395,78.68783514,79618,62544,53033,4461,3135,20428,213644,,,,,,,,,,,,,1970/01/01 00:00:00+00,216
217,2020/10/04 00:00:00+00,303498,228453,11151,63894,3992,3401,96,495,75.27331317,3.674159303,21.05252753,3488141,2096584,1793086,36743,21641,,,,,,,,,,,,,,,1970/01/01 00:00:00+00,217
59,2020/04/29 00:00:00+00,9771,1391,784,7596,260,137,11,112,14.2360045,8.023743731,77.74025177,86985,67784,58013,7367,524,21653,221750,,,,,,,,,,,,,1970/01/01 00:00:00+00,218
218,2020/10/05 00:00:00+00,307120,232593,11253,63274,3622,4140,102,-620,75.73358948,3.664040115,20.60237041,3515165,2119355,1812235,27024,22771,,,,,,,,,,,,,,,1970/01/01 00:00:00+00,219
60,2020/04/30 00:00:00+00,10118,1522,792,7804,347,131,8,208,15.04249852,7.82763392,77.12986756,94599,72531,60233,7614,4567,21827,230411,,,,,,,,,,,,,1970/01/01 00:00:00+00,220
219,2020/10/06 00:00:00+00,311176,236437,11374,63365,4056,3844,121,91,75.98175952,3.655166208,20.36307427,3551507,2145508,1834332,36342,26153,,,,,,,,,,,,,,,1970/01/01 00:00:00+00,221
61,2020/05/01 00:00:00+00,10551,1591,800,8160,433,69,8,356,15.07913942,7.582219695,77.33864089,102305,76538,65987,7706,4187,22123,233120,,,,,,,,,,,,,1970/01/01 00:00:00+00,222
220,2020/10/07 00:00:00+00,315714,240291,11472,63951,4538,3854,98,586,76.11034037,3.633668447,20.25599118,3595719,2177675,1861961,44212,32167,,,,,,,,,,,,,,,1970/01/01 00:00:00+00,223
62,2020/05/02 00:00:00+00,10843,1665,831,8347,292,74,31,187,15.35552891,7.663930647,76.98054044,107943,79868,69025,5638,333,22545,235035,,,,,,,,,,,,,1970/01/01 00:00:00+00,224
221,2020/10/08 00:00:00+00,320564,244060,11580,64924,4850,3769,108,973,76.13456283,3.612383175,20.25305399,3639108,2210576,1890012,43389,32901,,,,,,,,,,,,,,,1970/01/01 00:00:00+00,225
63,2020/05/03 00:00:00+00,11192,1876,845,8471,349,211,14,124,16.76197284,7.55003574,75.68799142,112965,83012,71820,5022,3144,23130,236369,,,,,,,,,,,,,1970/01/01 00:00:00+00,226
222,2020/10/09 00:00:00+00,324658,247667,11677,65314,4094,3607,97,390,76.28550659,3.59670792,20.11778549,3683808,2249694,1925036,44700,39118,,,,,,,,,,,,,,,1970/01/01 00:00:00+00,227
64,2020/05/04 00:00:00+00,11587,1954,864,8769,395,78,19,298,16.86372659,7.456632433,75.67964098,116861,86061,74474,3896,3049,24020,238178,,,,,,,,,,,,,1970/01/01 00:00:00+00,228
223,2020/10/10 00:00:00+00,328952,251481,11765,65706,4294,3814,88,392,76.4491476,3.576509643,19.97434276,3726476,2283369,1954417,42668,33675,,,,,,,,,,,,,,,1970/01/01 00:00:00+00,229
65,2020/05/05 00:00:00+00,12071,2197,872,9002,484,243,8,233,18.20064618,7.22392511,74.57542871,121547,88924,76853,4686,2863,26408,239226,,,,,,,,,,,,,1970/01/01 00:00:00+00,230
224,2020/10/11 00:00:00+00,333449,255027,11844,66578,4497,3546,79,872,76.4815609,3.551967467,19.96647163,3762808,2305532,1972083,36332,22163,,,,,,,,,,,,,,,1970/01/01 00:00:00+00,231
66,2020/05/06 00:00:00+00,12438,2317,895,9226,367,120,23,224,18.62839685,7.195690626,74.17591253,128383,92976,80538,6836,4052,26932,240726,,,,,,,,,,,,,1970/01/01 00:00:00+00,232
225,2020/10/12 00:00:00+00,336716,258519,11935,66262,3267,3492,91,-316,76.77657135,3.544530108,19.67889854,3802093,2338550,2001834,39285,33018,,,,,,,,,,,,,,,1970/01/01 00:00:00+00,233
67,2020/05/07 00:00:00+00,12776,2381,930,9465,338,64,35,239,18.63650595,7.279273638,74.08422041,134151,96717,83941,5768,3741,28508,243455,,,,,,,,,,,,,1970/01/01 00:00:00+00,234
226,2020/10/13 00:00:00+00,340622,263296,12027,65299,3906,4777,92,-963,77.29858905,3.530893483,19.17051747,3852511,2378562,2037940,50418,40012,,,,,,,,,,,,,,,1970/01/01 00:00:00+00,235
68,2020/05/08 00:00:00+00,13112,2494,943,9675,336,113,13,210,19.02074436,7.191885296,73.78737035,143781,103361,90249,9301,6644,29087,244480,,,,,,,,,,,,,1970/01/01 00:00:00+00,236
227,2020/10/14 00:00:00+00,344749,267851,12156,64742,4127,4555,129,-557,77.69449658,3.526043585,18.77945984,3892904,2415606,2070857,40393,37044,,,,,,,,,,,,,,,1970/01/01 00:00:00+00,237
69,2020/05/09 00:00:00+00,13645,2607,959,10079,533,113,16,404,19.1058996,7.028215464,73.86588494,150887,108699,95054,7435,5338,29690,246847,,,,,,,,,,,,,1970/01/01 00:00:00+00,238
228,2020/10/15 00:00:00+00,349160,273661,12268,63231,4411,5810,112,-1511,78.37696185,3.513575438,18.10946271,3935112,2449725,2100565,42208,34119,,,,,,,,,,,,,,,1970/01/01 00:00:00+00,239
70,2020/05/10 00:00:00+00,14032,2698,973,10361,387,91,14,282,19.22748005,6.934150513,73.83836944,158273,113452,99420,7386,4753,30317,248690,,,,,,,,,,,,,1970/01/01 00:00:00+00,240
229,2020/10/16 00:00:00+00,353461,277544,12347,63570,4301,3883,79,339,78.52181712,3.493171807,17.98501108,3976653,2479922,2126461,41541,30197,,,,,,,,,,,,,,,1970/01/01 00:00:00+00,241
71,2020/05/11 00:00:00+00,14265,2881,991,10393,233,183,18,32,20.19628461,6.947073256,72.85664213,161351,116358,102093,3078,2906,31994,249105,,,,,,,,,,,,,1970/01/01 00:00:00+00,242
230,2020/10/17 00:00:00+00,357762,281592,12431,63739,4301,4048,84,169,78.70930954,3.474656336,17.81603412,4019958,2505898,2148136,43305,25976,,,,,,,,,,,,,,,1970/01/01 00:00:00+00,243
72,2020/05/12 00:00:00+00,14749,3063,1007,10679,484,182,16,286,20.76750966,6.827581531,72.40490881,165128,119728,104979,3777,337,32147,251861,,,,,,,,,,,,,1970/01/01 00:00:00+00,244
73,2020/05/13 00:00:00+00,15438,3287,1028,11123,689,224,21,444,21.29161809,6.658893639,72.04948828,169195,123572,108134,4067,3844,33042,256299,,,,,,,,,,,,,1970/01/01 00:00:00+00,245
74,2020/05/14 00:00:00+00,16006,3518,1043,11445,568,231,15,322,21.97925778,6.516306385,71.50443584,173690,127813,111807,4495,4241,33672,258639,,,,,,,,,,,,,1970/01/01 00:00:00+00,246
75,2020/05/15 00:00:00+00,16496,3803,1076,11617,490,285,33,172,23.05407371,6.522793404,70.42313288,178602,132060,115564,4912,4247,34360,262919,,,,,,,,,,,,,1970/01/01 00:00:00+00,247
76,2020/05/16 00:00:00+00,17025,3911,1089,12025,529,108,13,408,22.97209985,6.396475771,70.63142438,182818,135726,118701,4216,3665,35069,269449,,,,,,,,,,,,,1970/01/01 00:00:00+00,248
77,2020/05/17 00:00:00+00,17514,4129,1148,12237,489,218,59,212,23.57542537,6.554756195,69.86981843,187965,140473,122959,5147,4748,35800,270876,,,,,,,,,,,,,1970/01/01 00:00:00+00,249
78,2020/05/18 00:00:00+00,18010,4324,1191,12495,496,195,43,258,24.00888395,6.612992782,69.37812326,190660,143035,125025,2695,2562,11422,45047,,,,,,,,,,,,,1970/01/01 00:00:00+00,250
79,2020/05/19 00:00:00+00,18496,4467,1221,12808,486,143,30,313,24.15116782,6.601427336,69.24740484,202936,147799,129303,12276,4764,11891,45300,,,,,,,,,,,,,1970/01/01 00:00:00+00,251
80,2020/05/20 00:00:00+00,19189,4575,1242,13372,693,108,21,564,23.84178436,6.472458179,69.68575747,211883,154139,134950,8947,634,11705,44703,,,,,,,,,,,,,1970/01/01 00:00:00+00,252
81,2020/05/21 00:00:00+00,20162,4838,1278,14046,973,263,36,674,23.99563535,6.338656879,69.66570777,219975,160374,140212,8092,6235,11066,50187,,,,,,,,,,,,,1970/01/01 00:00:00+00,253
82,2020/05/22 00:00:00+00,20796,5057,1326,14413,634,219,48,367,24.31717638,6.376226197,69.30659742,229334,21743,148173,9359,8595,11028,47150,,,,,,,,,,,,,1970/01/01 00:00:00+00,254
83,2020/05/23 00:00:00+00,21745,5249,1351,15145,949,192,25,732,24.1388825,6.212922511,69.64819499,239740,176035,154290,10406,7066,11495,49958,,,,,,,,,,,,,1970/01/01 00:00:00+00,255
84,2020/05/24 00:00:00+00,22271,5402,1372,15497,526,153,21,352,24.25575861,6.160477751,69.58376364,248555,179964,157593,8815,3829,11389,42551,,,,,,,,,,,,,1970/01/01 00:00:00+00,256
85,2020/05/25 00:00:00+00,22750,5642,1391,15717,479,240,19,220,24.8,6.114285714,69.08571429,256946,183192,160442,8391,3328,12342,49361,,,,,,,,,,,,,1970/01/01 00:00:00+00,257
86,2020/05/26 00:00:00+00,23165,5877,1418,15870,415,235,27,153,25.37017052,6.121303691,68.50852579,264098,188302,165137,7152,511,12022,65748,,,,,,,,,,,,,1970/01/01 00:00:00+00,258
87,2020/05/27 00:00:00+00,23851,6057,1473,16321,686,180,55,451,25.39516163,6.175841684,68.42899669,278411,195518,171667,14313,7216,12667,49942,,,,,,,,,,,,,1970/01/01 00:00:00+00,259
88,2020/05/28 00:00:00+00,24538,6240,1496,16802,687,183,23,481,25.42994539,6.096666395,68.47338821,289906,201311,176773,11495,5793,13250,48749,,,,,,,,,,,,,1970/01/01 00:00:00+00,260
89,2020/05/29 00:00:00+00,25216,6492,1520,17204,678,252,24,402,25.74555838,6.027918782,68.22652284,300545,205165,179949,10639,3854,12499,49212,,,,,,,,,,,,,1970/01/01 00:00:00+00,261
90,2020/05/30 00:00:00+00,25773,7015,1573,17185,557,523,53,-19,27.21840686,6.103286385,66.67830676,311906,216769,190996,11361,11604,12832,47714,,,,,,,,,,,,,1970/01/01 00:00:00+00,262
91,2020/05/31 00:00:00+00,26473,7308,1613,17552,700,293,40,367,27.60548483,6.093000416,66.30151475,323376,223624,197151,1147,6855,12913,49936,,,,,,,,,,,,,1970/01/01 00:00:00+00,263
92,2020/06/01 00:00:00+00,26940,7637,1641,17662,467,329,28,110,28.34818114,6.091314031,65.56050483,333415,232113,205173,10039,8489,13120,48358,,,,,,,,,,,,,1970/01/01 00:00:00+00,264
93,2020/06/02 00:00:00+00,27549,7935,1663,17951,609,298,22,289,28.80322335,6.036516752,65.1602599,342464,237947,210398,9049,5834,13213,48023,,,,,,,,,,,,,1970/01/01 00:00:00+00,265
94,2020/06/03 00:00:00+00,28233,8406,1698,18129,684,471,35,178,29.77366911,6.014238657,64.21209223,354434,246433,218200,1197,8486,13285,48153,,,,,,,,,,,,,1970/01/01 00:00:00+00,266
95,2020/06/04 00:00:00+00,28818,8892,1721,18205,585,486,23,76,30.85571518,5.971961968,63.17232285,367640,251736,222918,13206,5303,13416,47373,,,,,,,,,,,,,1970/01/01 00:00:00+00,267
96,2020/06/05 00:00:00+00,29521,9443,1770,18308,703,551,49,103,31.9873988,5.995731852,62.01686935,380973,256810,227289,13333,5074,13592,49320,,,,,,,,,,,,,1970/01/01 00:00:00+00,268
97,2020/06/06 00:00:00+00,30514,9907,1801,18806,993,464,31,498,32.4670643,5.902208822,61.63072688,394068,264740,234226,13095,793,13347,46571,,,,,,,,,,,,,1970/01/01 00:00:00+00,269
98,2020/06/07 00:00:00+00,31186,10498,1851,18837,672,591,50,31,33.66254088,5.935355608,60.40210351,405992,269146,237960,11924,4406,14197,40370,,,,,,,,,,,,,1970/01/01 00:00:00+00,270
99,2020/06/08 00:00:00+00,32033,10904,1883,19246,847,406,32,409,34.03989636,5.87831299,60.08179065,412980,274430,242397,6988,5284,14010,38791,,,,,,,,,,,,,1970/01/01 00:00:00+00,271
100,2020/06/09 00:00:00+00,33076,11414,1923,19739,1043,510,40,493,34.50840489,5.813883178,59.67771194,429161,281653,248577,16181,7223,14108,38394,,,,,,,,,,,,,1970/01/01 00:00:00+00,272
101,2020/06/10 00:00:00+00,34316,12129,1959,20228,1240,715,36,489,35.34502856,5.708707309,58.94626413,446918,287478,253162,17757,5826,14242,43945,,,,,,,,,,,,,1970/01/01 00:00:00+00,273
102,2020/06/11 00:00:00+00,35295,12636,2000,20659,979,507,41,431,35.80110497,5.666525004,58.53237002,463620,294671,259376,16702,7193,14052,43414,,,,,,,,,,,,,1970/01/01 00:00:00+00,274
103,2020/06/12 00:00:00+00,36406,13213,2048,21145,1111,577,48,486,36.29346811,5.625446355,58.08108554,478953,302147,265741,15333,7476,13923,37538,,,,,,,,,,,,,1970/01/01 00:00:00+00,275
104,2020/06/13 00:00:00+00,37420,13776,2091,21553,1014,563,43,408,36.81453768,5.587920898,57.59754142,495527,313275,275855,16574,11128,13578,42450,,,,,,,,,,,,,1970/01/01 00:00:00+00,276
105,2020/06/14 00:00:00+00,38277,14531,2134,21612,857,755,43,59,37.96274525,5.575149568,56.46210518,514287,322933,284656,18760,9658,13574,41639,,,,,,,,,,,,,1970/01/01 00:00:00+00,277
106,2020/06/15 00:00:00+00,39294,15123,2198,21973,1017,592,64,361,38.48679188,5.593729323,55.9194788,523063,329190,289896,8776,6257,13649,36744,,,,,,,,,,,,,1970/01/01 00:00:00+00,278
231,2020/10/18 00:00:00+00,361867,285324,12511,64032,4105,3732,80,293,78.84775346,3.457347589,17.69489895,4056336,2528319,2166452,36378,22421,,,,,,,,,,,,,,,1970/01/01 00:00:00+00,279
232,2020/10/19 00:00:00+00,365240,289243,12617,63380,3373,3919,106,-652,79.1925857,3.454440916,17.35297339,4092595,2553521,2188281,36259,25202,,,,,,,,,,,,,,,1970/01/01 00:00:00+00,280
233,2020/10/20 00:00:00+00,368842,293653,12734,62455,3602,4410,117,-925,79.61484863,3.452426784,16.93272458,4123624,2583085,2214243,31029,29564,,,,,,,,,,,,,,,1970/01/01 00:00:00+00,281
234,2020/10/21 00:00:00+00,373109,297509,12857,62743,4267,3856,123,288,79.7378246,3.445909908,16.81626549,4167210,2613682,2240573,43586,30597,,,,,,,,,,,,,,,1970/01/01 00:00:00+00,282
235,2020/10/22 00:00:00+00,377541,301006,12959,63576,4432,3497,102,833,79.72802954,3.432474884,16.83949558,4211138,2647094,2269553,43928,33412,,,,,,,,,,,,,,,1970/01/01 00:00:00+00,283
236,2020/10/23 00:00:00+00,381910,305100,13077,63733,4369,4094,118,157,79.88793171,3.424105156,16.68796313,4253425,2679774,2297864,42287,32680,,,,,,,,,,,,,,,1970/01/01 00:00:00+00,284
237,2020/10/24 00:00:00+00,385980,309219,13205,63556,4070,4119,128,-177,80.11270014,3.421161718,16.46613814,4293347,2711239,2325259,39922,31465,,,,,,,,,,,,,,,1970/01/01 00:00:00+00,285
238,2020/10/25 00:00:00+00,389712,313764,13299,62649,3732,4545,94,-907,80.51176253,3.412520015,16.07571745,4327144,2730231,2340519,33797,18992,,,,,,,,,,,,,,,1970/01/01 00:00:00+00,286
239,2020/10/26 00:00:00+00,,,,,,,,,,,,,,,,,,,,,,,,,,,,,,,1970/01/01 00:00:00+00,287
240,2020/10/27 00:00:00+00,,,,,,,,,,,,,,,,,,,,,,,,,,,,,,,1970/01/01 00:00:00+00,288
241,2020/10/28 00:00:00+00,,,,,,,,,,,,,,,,,,,,,,,,,,,,,,,1970/01/01 00:00:00+00,289
242,2020/10/29 00:00:00+00,,,,,,,,,,,,,,,,,,,,,,,,,,,,,,,1970/01/01 00:00:00+00,290
243,2020/10/30 00:00:00+00,,,,,,,,,,,,,,,,,,,,,,,,,,,,,,,1970/01/01 00:00:00+00,291
244,2020/10/31 00:00:00+00,,,,,,,,,,,,,,,,,,,,,,,,,,,,,,,1970/01/01 00:00:00+00,292
245,2020/11/01 00:00:00+00,,,,,,,,,,,,,,,,,,,,,,,,,,,,,,,1970/01/01 00:00:00+00,293
246,2020/11/02 00:00:00+00,,,,,,,,,,,,,,,,,,,,,,,,,,,,,,,1970/01/01 00:00:00+00,294
247,2020/11/03 00:00:00+00,,,,,,,,,,,,,,,,,,,,,,,,,,,,,,,1970/01/01 00:00:00+00,295
248,2020/11/04 00:00:00+00,,,,,,,,,,,,,,,,,,,,,,,,,,,,,,,1970/01/01 00:00:00+00,296
249,2020/11/05 00:00:00+00,,,,,,,,,,,,,,,,,,,,,,,,,,,,,,,1970/01/01 00:00:00+00,297
250,2020/11/06 00:00:00+00,,,,,,,,,,,,,,,,,,,,,,,,,,,,,,,1970/01/01 00:00:00+00,298
251,2020/11/07 00:00:00+00,,,,,,,,,,,,,,,,,,,,,,,,,,,,,,,1970/01/01 00:00:00+00,299
252,2020/11/08 00:00:00+00,,,,,,,,,,,,,,,,,,,,,,,,,,,,,,,1970/01/01 00:00:00+00,300
253,2020/11/09 00:00:00+00,,,,,,,,,,,,,,,,,,,,,,,,,,,,,,,1970/01/01 00:00:00+00,301
254,2020/11/10 00:00:00+00,,,,,,,,,,,,,,,,,,,,,,,,,,,,,,,1970/01/01 00:00:00+00,302
255,2020/11/11 00:00:00+00,,,,,,,,,,,,,,,,,,,,,,,,,,,,,,,1970/01/01 00:00:00+00,303
256,2020/11/12 00:00:00+00,,,,,,,,,,,,,,,,,,,,,,,,,,,,,,,1970/01/01 00:00:00+00,304
257,2020/11/13 00:00:00+00,,,,,,,,,,,,,,,,,,,,,,,,,,,,,,,1970/01/01 00:00:00+00,305
258,2020/11/14 00:00:00+00,,,,,,,,,,,,,,,,,,,,,,,,,,,,,,,1970/01/01 00:00:00+00,306
259,2020/11/15 00:00:00+00,,,,,,,,,,,,,,,,,,,,,,,,,,,,,,,1970/01/01 00:00:00+00,307
260,2020/11/16 00:00:00+00,,,,,,,,,,,,,,,,,,,,,,,,,,,,,,,1970/01/01 00:00:00+00,308
261,2020/11/17 00:00:00+00,,,,,,,,,,,,,,,,,,,,,,,,,,,,,,,1970/01/01 00:00:00+00,309
262,2020/11/18 00:00:00+00,,,,,,,,,,,,,,,,,,,,,,,,,,,,,,,1970/01/01 00:00:00+00,310
263,2020/11/19 00:00:00+00,,,,,,,,,,,,,,,,,,,,,,,,,,,,,,,1970/01/01 00:00:00+00,311
264,2020/11/20 00:00:00+00,,,,,,,,,,,,,,,,,,,,,,,,,,,,,,,1970/01/01 00:00:00+00,312
265,2020/11/21 00:00:00+00,,,,,,,,,,,,,,,,,,,,,,,,,,,,,,,1970/01/01 00:00:00+00,313
266,2020/11/22 00:00:00+00,,,,,,,,,,,,,,,,,,,,,,,,,,,,,,,1970/01/01 00:00:00+00,314
267,2020/11/23 00:00:00+00,,,,,,,,,,,,,,,,,,,,,,,,,,,,,,,1970/01/01 00:00:00+00,315
268,2020/11/24 00:00:00+00,,,,,,,,,,,,,,,,,,,,,,,,,,,,,,,1970/01/01 00:00:00+00,316
269,2020/11/25 00:00:00+00,,,,,,,,,,,,,,,,,,,,,,,,,,,,,,,1970/01/01 00:00:00+00,317
270,2020/11/26 00:00:00+00,,,,,,,,,,,,,,,,,,,,,,,,,,,,,,,1970/01/01 00:00:00+00,318
271,2020/11/27 00:00:00+00,,,,,,,,,,,,,,,,,,,,,,,,,,,,,,,1970/01/01 00:00:00+00,319
272,2020/11/28 00:00:00+00,,,,,,,,,,,,,,,,,,,,,,,,,,,,,,,1970/01/01 00:00:00+00,320
273,2020/11/29 00:00:00+00,,,,,,,,,,,,,,,,,,,,,,,,,,,,,,,1970/01/01 00:00:00+00,321
274,2020/11/30 00:00:00+00,,,,,,,,,,,,,,,,,,,,,,,,,,,,,,,1970/01/01 00:00:00+00,322
275,2020/12/01 00:00:00+00,,,,,,,,,,,,,,,,,,,,,,,,,,,,,,,1970/01/01 00:00:00+00,323
276,2020/12/02 00:00:00+00,,,,,,,,,,,,,,,,,,,,,,,,,,,,,,,1970/01/01 00:00:00+00,324
277,2020/12/03 00:00:00+00,,,,,,,,,,,,,,,,,,,,,,,,,,,,,,,1970/01/01 00:00:00+00,325
278,2020/12/04 00:00:00+00,,,,,,,,,,,,,,,,,,,,,,,,,,,,,,,1970/01/01 00:00:00+00,326
279,2020/12/05 00:00:00+00,,,,,,,,,,,,,,,,,,,,,,,,,,,,,,,1970/01/01 00:00:00+00,327
280,2020/12/06 00:00:00+00,,,,,,,,,,,,,,,,,,,,,,,,,,,,,,,1970/01/01 00:00:00+00,328
281,2020/12/07 00:00:00+00,,,,,,,,,,,,,,,,,,,,,,,,,,,,,,,1970/01/01 00:00:00+00,329
282,2020/12/08 00:00:00+00,,,,,,,,,,,,,,,,,,,,,,,,,,,,,,,1970/01/01 00:00:00+00,330
283,2020/12/09 00:00:00+00,,,,,,,,,,,,,,,,,,,,,,,,,,,,,,,1970/01/01 00:00:00+00,331
284,2020/12/10 00:00:00+00,,,,,,,,,,,,,,,,,,,,,,,,,,,,,,,1970/01/01 00:00:00+00,332
285,2020/12/11 00:00:00+00,,,,,,,,,,,,,,,,,,,,,,,,,,,,,,,1970/01/01 00:00:00+00,333
286,2020/12/12 00:00:00+00,,,,,,,,,,,,,,,,,,,,,,,,,,,,,,,1970/01/01 00:00:00+00,334
287,2020/12/13 00:00:00+00,,,,,,,,,,,,,,,,,,,,,,,,,,,,,,,1970/01/01 00:00:00+00,335
288,2020/12/14 00:00:00+00,,,,,,,,,,,,,,,,,,,,,,,,,,,,,,,1970/01/01 00:00:00+00,336
289,2020/12/15 00:00:00+00,,,,,,,,,,,,,,,,,,,,,,,,,,,,,,,1970/01/01 00:00:00+00,337
290,2020/12/16 00:00:00+00,,,,,,,,,,,,,,,,,,,,,,,,,,,,,,,1970/01/01 00:00:00+00,338
291,2020/12/17 00:00:00+00,,,,,,,,,,,,,,,,,,,,,,,,,,,,,,,1970/01/01 00:00:00+00,339
292,2020/12/18 00:00:00+00,,,,,,,,,,,,,,,,,,,,,,,,,,,,,,,1970/01/01 00:00:00+00,340
293,2020/12/19 00:00:00+00,,,,,,,,,,,,,,,,,,,,,,,,,,,,,,,1970/01/01 00:00:00+00,341
294,2020/12/20 00:00:00+00,,,,,,,,,,,,,,,,,,,,,,,,,,,,,,,1970/01/01 00:00:00+00,342
295,2020/12/21 00:00:00+00,,,,,,,,,,,,,,,,,,,,,,,,,,,,,,,1970/01/01 00:00:00+00,343
296,2020/12/22 00:00:00+00,,,,,,,,,,,,,,,,,,,,,,,,,,,,,,,1970/01/01 00:00:00+00,344
297,2020/12/23 00:00:00+00,,,,,,,,,,,,,,,,,,,,,,,,,,,,,,,1970/01/01 00:00:00+00,345
298,2020/12/24 00:00:00+00,,,,,,,,,,,,,,,,,,,,,,,,,,,,,,,1970/01/01 00:00:00+00,346
299,2020/12/25 00:00:00+00,,,,,,,,,,,,,,,,,,,,,,,,,,,,,,,1970/01/01 00:00:00+00,347
300,2020/12/26 00:00:00+00,,,,,,,,,,,,,,,,,,,,,,,,,,,,,,,1970/01/01 00:00:00+00,348
301,2020/12/27 00:00:00+00,,,,,,,,,,,,,,,,,,,,,,,,,,,,,,,1970/01/01 00:00:00+00,349
302,2020/12/28 00:00:00+00,,,,,,,,,,,,,,,,,,,,,,,,,,,,,,,1970/01/01 00:00:00+00,350
303,2020/12/29 00:00:00+00,,,,,,,,,,,,,,,,,,,,,,,,,,,,,,,1970/01/01 00:00:00+00,351
304,2020/12/30 00:00:00+00,,,,,,,,,,,,,,,,,,,,,,,,,,,,,,,1970/01/01 00:00:00+00,352
305,2020/12/31 00:00:00+00,,,,,,,,,,,,,,,,,,,,,,,,,,,,,,,1970/01/01 00:00:00+00,353
306,2021/01/01 00:00:00+00,,,,,,,,,,,,,,,,,,,,,,,,,,,,,,,1970/01/01 00:00:00+00,354
307,2021/01/02 00:00:00+00,,,,,,,,,,,,,,,,,,,,,,,,,,,,,,,1970/01/01 00:00:00+00,355
308,2021/01/03 00:00:00+00,,,,,,,,,,,,,,,,,,,,,,,,,,,,,,,1970/01/01 00:00:00+00,356
309,2021/01/04 00:00:00+00,,,,,,,,,,,,,,,,,,,,,,,,,,,,,,,1970/01/01 00:00:00+00,357
310,2021/01/05 00:00:00+00,,,,,,,,,,,,,,,,,,,,,,,,,,,,,,,1970/01/01 00:00:00+00,358
311,2021/01/06 00:00:00+00,,,,,,,,,,,,,,,,,,,,,,,,,,,,,,,1970/01/01 00:00:00+00,359
312,2021/01/07 00:00:00+00,,,,,,,,,,,,,,,,,,,,,,,,,,,,,,,1970/01/01 00:00:00+00,360
313,2021/01/08 00:00:00+00,,,,,,,,,,,,,,,,,,,,,,,,,,,,,,,1970/01/01 00:00:00+00,361
314,2021/01/09 00:00:00+00,,,,,,,,,,,,,,,,,,,,,,,,,,,,,,,1970/01/01 00:00:00+00,362
315,2021/01/10 00:00:00+00,,,,,,,,,,,,,,,,,,,,,,,,,,,,,,,1970/01/01 00:00:00+00,363
316,2021/01/11 00:00:00+00,,,,,,,,,,,,,,,,,,,,,,,,,,,,,,,1970/01/01 00:00:00+00,364
317,2021/01/12 00:00:00+00,,,,,,,,,,,,,,,,,,,,,,,,,,,,,,,1970/01/01 00:00:00+00,365
318,2021/01/13 00:00:00+00,,,,,,,,,,,,,,,,,,,,,,,,,,,,,,,1970/01/01 00:00:00+00,366
